{
  "id": "2377113",
  "name": "IChat",
  "font_family": "IChat",
  "css_prefix_text": "i-icon-",
  "description": "一个由vue3 实现的 WebIm 项目",
  "glyphs": [
    {
      "icon_id": "4767103",
      "name": "small-dash",
      "font_class": "small-dash",
      "unicode": "e7ff",
      "unicode_decimal": 59391
    },
    {
      "icon_id": "4936979",
      "name": "dingtalk",
      "font_class": "dingtalk",
      "unicode": "e881",
      "unicode_decimal": 59521
    },
    {
      "icon_id": "4936980",
      "name": "android-fill",
      "font_class": "android-fill",
      "unicode": "e882",
      "unicode_decimal": 59522
    },
    {
      "icon_id": "4936981",
      "name": "apple-fill",
      "font_class": "apple-fill",
      "unicode": "e883",
      "unicode_decimal": 59523
    },
    {
      "icon_id": "4936984",
      "name": "QQ",
      "font_class": "QQ",
      "unicode": "e884",
      "unicode_decimal": 59524
    },
    {
      "icon_id": "4936985",
      "name": "twitter",
      "font_class": "twitter",
      "unicode": "e885",
      "unicode_decimal": 59525
    },
    {
      "icon_id": "4936991",
      "name": "wechat-fill",
      "font_class": "wechat-fill",
      "unicode": "e886",
      "unicode_decimal": 59526
    },
    {
      "icon_id": "4937000",
      "name": "github-fill",
      "font_class": "github-fill",
      "unicode": "e887",
      "unicode_decimal": 59527
    },
    {
      "icon_id": "6486521",
      "name": "文件",
      "font_class": "wenjian",
      "unicode": "e605",
      "unicode_decimal": 58885
    },
    {
      "icon_id": "15838470",
      "name": "edit",
      "font_class": "edit",
      "unicode": "e66e",
      "unicode_decimal": 58990
    },
    {
      "icon_id": "15838471",
      "name": "eye-close",
      "font_class": "eye-close",
      "unicode": "e674",
      "unicode_decimal": 58996
    },
    {
      "icon_id": "15838499",
      "name": "map",
      "font_class": "map",
      "unicode": "e679",
      "unicode_decimal": 59001
    },
    {
      "icon_id": "15838503",
      "name": "help",
      "font_class": "help",
      "unicode": "e67b",
      "unicode_decimal": 59003
    },
    {
      "icon_id": "15838505",
      "name": "modular",
      "font_class": "modular",
      "unicode": "e68d",
      "unicode_decimal": 59021
    },
    {
      "icon_id": "15838511",
      "name": "play",
      "font_class": "play",
      "unicode": "e69a",
      "unicode_decimal": 59034
    },
    {
      "icon_id": "15838517",
      "name": "prompt",
      "font_class": "prompt",
      "unicode": "e69b",
      "unicode_decimal": 59035
    },
    {
      "icon_id": "15838595",
      "name": "help-filling",
      "font_class": "help-filling",
      "unicode": "e69f",
      "unicode_decimal": 59039
    },
    {
      "icon_id": "17109880",
      "name": "warning",
      "font_class": "warning",
      "unicode": "e648",
      "unicode_decimal": 58952
    },
    {
      "icon_id": "19131344",
      "name": "warning",
      "font_class": "warning1-copy",
      "unicode": "e888",
      "unicode_decimal": 59528
    },
    {
      "icon_id": "2132405",
      "name": "用户",
      "font_class": "user",
      "unicode": "e703",
      "unicode_decimal": 59139
    },
    {
      "icon_id": "2313951",
      "name": "用户",
      "font_class": "team",
      "unicode": "e60a",
      "unicode_decimal": 58890
    },
    {
      "icon_id": "225861",
      "name": "对话",
      "font_class": "duihua",
      "unicode": "e60e",
      "unicode_decimal": 58894
    },
    {
      "icon_id": "1022322",
      "name": "对话",
      "font_class": "duihua1",
      "unicode": "e685",
      "unicode_decimal": 59013
    },
    {
      "icon_id": "10254162",
      "name": "用户",
      "font_class": "yonghu",
      "unicode": "e623",
      "unicode_decimal": 58915
    },
    {
      "icon_id": "11095520",
      "name": "el-icon-menu",
      "font_class": "menu",
      "unicode": "e7da",
      "unicode_decimal": 59354
    },
    {
      "icon_id": "11975718",
      "name": "系统消息",
      "font_class": "sys_msg",
      "unicode": "e75e",
      "unicode_decimal": 59230
    },
    {
      "icon_id": "4841816",
      "name": "群组",
      "font_class": "qunzu",
      "unicode": "e600",
      "unicode_decimal": 58880
    },
    {
      "icon_id": "11372647",
      "name": "创作",
      "font_class": "chuangzuo",
      "unicode": "e8ad",
      "unicode_decimal": 59565
    },
    {
      "icon_id": "9907813",
      "name": "mike",
      "font_class": "mike1",
      "unicode": "e642",
      "unicode_decimal": 58946
    },
    {
      "icon_id": "15838430",
      "name": "ashbin",
      "font_class": "ashbin",
      "unicode": "e665",
      "unicode_decimal": 58981
    },
    {
      "icon_id": "15838440",
      "name": "camera",
      "font_class": "camera",
      "unicode": "e667",
      "unicode_decimal": 58983
    },
    {
      "icon_id": "15838441",
      "name": "chart-bar",
      "font_class": "chart-bar",
      "unicode": "e668",
      "unicode_decimal": 58984
    },
    {
      "icon_id": "15838442",
      "name": "attachment",
      "font_class": "attachment",
      "unicode": "e669",
      "unicode_decimal": 58985
    },
    {
      "icon_id": "15838443",
      "name": "code",
      "font_class": "code",
      "unicode": "e66a",
      "unicode_decimal": 58986
    },
    {
      "icon_id": "15838453",
      "name": "customer-service",
      "font_class": "customer-service",
      "unicode": "e66b",
      "unicode_decimal": 58987
    },
    {
      "icon_id": "15838464",
      "name": "download",
      "font_class": "download",
      "unicode": "e66f",
      "unicode_decimal": 58991
    },
    {
      "icon_id": "15838472",
      "name": "email",
      "font_class": "email",
      "unicode": "e670",
      "unicode_decimal": 58992
    },
    {
      "icon_id": "15838474",
      "name": "favorite",
      "font_class": "favorite",
      "unicode": "e671",
      "unicode_decimal": 58993
    },
    {
      "icon_id": "15838480",
      "name": "file",
      "font_class": "file",
      "unicode": "e672",
      "unicode_decimal": 58994
    },
    {
      "icon_id": "15838487",
      "name": "file-open",
      "font_class": "file-open",
      "unicode": "e673",
      "unicode_decimal": 58995
    },
    {
      "icon_id": "15838493",
      "name": "link",
      "font_class": "link",
      "unicode": "e676",
      "unicode_decimal": 58998
    },
    {
      "icon_id": "15838497",
      "name": "lock",
      "font_class": "lock",
      "unicode": "e677",
      "unicode_decimal": 58999
    },
    {
      "icon_id": "15838514",
      "name": "minus",
      "font_class": "minus",
      "unicode": "e67a",
      "unicode_decimal": 59002
    },
    {
      "icon_id": "15838521",
      "name": "picture",
      "font_class": "picture",
      "unicode": "e67c",
      "unicode_decimal": 59004
    },
    {
      "icon_id": "15838526",
      "name": "share",
      "font_class": "share",
      "unicode": "e67d",
      "unicode_decimal": 59005
    },
    {
      "icon_id": "15838527",
      "name": "scanning",
      "font_class": "scanning",
      "unicode": "e67e",
      "unicode_decimal": 59006
    },
    {
      "icon_id": "15838529",
      "name": "sign-out",
      "font_class": "sign-out",
      "unicode": "e67f",
      "unicode_decimal": 59007
    },
    {
      "icon_id": "15838533",
      "name": "smile",
      "font_class": "smile",
      "unicode": "e680",
      "unicode_decimal": 59008
    },
    {
      "icon_id": "15838535",
      "name": "setting",
      "font_class": "setting",
      "unicode": "e681",
      "unicode_decimal": 59009
    },
    {
      "icon_id": "15838539",
      "name": "text",
      "font_class": "text",
      "unicode": "e682",
      "unicode_decimal": 59010
    },
    {
      "icon_id": "15838545",
      "name": "top",
      "font_class": "top",
      "unicode": "e683",
      "unicode_decimal": 59011
    },
    {
      "icon_id": "15838546",
      "name": "unlock",
      "font_class": "unlock",
      "unicode": "e684",
      "unicode_decimal": 59012
    },
    {
      "icon_id": "15838548",
      "name": "upload",
      "font_class": "upload",
      "unicode": "e686",
      "unicode_decimal": 59014
    },
    {
      "icon_id": "15838552",
      "name": "zoom-in",
      "font_class": "zoom-in",
      "unicode": "e687",
      "unicode_decimal": 59015
    },
    {
      "icon_id": "15838554",
      "name": "zoom-out",
      "font_class": "zoom-out",
      "unicode": "e688",
      "unicode_decimal": 59016
    },
    {
      "icon_id": "15838561",
      "name": "arrow-left-bold",
      "font_class": "arrow-left",
      "unicode": "e689",
      "unicode_decimal": 59017
    },
    {
      "icon_id": "15838562",
      "name": "arrow-up-bold",
      "font_class": "arrow-up",
      "unicode": "e68a",
      "unicode_decimal": 59018
    },
    {
      "icon_id": "15838563",
      "name": "close-bold",
      "font_class": "close",
      "unicode": "e68b",
      "unicode_decimal": 59019
    },
    {
      "icon_id": "15838564",
      "name": "arrow-down-bold",
      "font_class": "arrow-down",
      "unicode": "e68c",
      "unicode_decimal": 59020
    },
    {
      "icon_id": "15838566",
      "name": "arrow-right-bold",
      "font_class": "arrow-right",
      "unicode": "e68e",
      "unicode_decimal": 59022
    },
    {
      "icon_id": "15838567",
      "name": "select-bold",
      "font_class": "select-bold",
      "unicode": "e68f",
      "unicode_decimal": 59023
    },
    {
      "icon_id": "15838581",
      "name": "arrow-up-filling",
      "font_class": "caret-top",
      "unicode": "e690",
      "unicode_decimal": 59024
    },
    {
      "icon_id": "15838582",
      "name": "arrow-down-filling",
      "font_class": "caret-bottom",
      "unicode": "e691",
      "unicode_decimal": 59025
    },
    {
      "icon_id": "15838583",
      "name": "arrow-left-filling",
      "font_class": "caret-left",
      "unicode": "e692",
      "unicode_decimal": 59026
    },
    {
      "icon_id": "15838584",
      "name": "arrow-right-filling",
      "font_class": "caret-right",
      "unicode": "e693",
      "unicode_decimal": 59027
    },
    {
      "icon_id": "15838586",
      "name": "comment-filling",
      "font_class": "comment",
      "unicode": "e694",
      "unicode_decimal": 59028
    },
    {
      "icon_id": "15838589",
      "name": "delete-filling",
      "font_class": "error",
      "unicode": "e695",
      "unicode_decimal": 59029
    },
    {
      "icon_id": "15838593",
      "name": "favorite-filling",
      "font_class": "favorite-filling",
      "unicode": "e696",
      "unicode_decimal": 59030
    },
    {
      "icon_id": "15838607",
      "name": "setting-filling",
      "font_class": "tools",
      "unicode": "e697",
      "unicode_decimal": 59031
    },
    {
      "icon_id": "15838611",
      "name": "success-filling",
      "font_class": "success",
      "unicode": "e698",
      "unicode_decimal": 59032
    },
    {
      "icon_id": "15838614",
      "name": "map-filling",
      "font_class": "map-filling",
      "unicode": "e699",
      "unicode_decimal": 59033
    },
    {
      "icon_id": "1224871",
      "name": "search",
      "font_class": "search",
      "unicode": "e6a4",
      "unicode_decimal": 59044
    },
    {
      "icon_id": "577306",
      "name": "方形未选中",
      "font_class": "maxus",
      "unicode": "e720",
      "unicode_decimal": 59168
    },
    {
      "icon_id": "4765725",
      "name": "close-circle",
      "font_class": "close-circle",
      "unicode": "e77d",
      "unicode_decimal": 59261
    },
    {
      "icon_id": "4765728",
      "name": "left-circle",
      "font_class": "left-circle",
      "unicode": "e77f",
      "unicode_decimal": 59263
    },
    {
      "icon_id": "4765729",
      "name": "down-circle",
      "font_class": "down-circle",
      "unicode": "e780",
      "unicode_decimal": 59264
    },
    {
      "icon_id": "4765732",
      "name": "minus-circle",
      "font_class": "minus-circle",
      "unicode": "e781",
      "unicode_decimal": 59265
    },
    {
      "icon_id": "4765734",
      "name": "plus-circle",
      "font_class": "plus-circle",
      "unicode": "e782",
      "unicode_decimal": 59266
    },
    {
      "icon_id": "4765735",
      "name": "play-circle",
      "font_class": "play-circle",
      "unicode": "e783",
      "unicode_decimal": 59267
    },
    {
      "icon_id": "4765738",
      "name": "right-circle",
      "font_class": "right-circle",
      "unicode": "e784",
      "unicode_decimal": 59268
    },
    {
      "icon_id": "4765744",
      "name": "YUAN",
      "font_class": "YUAN",
      "unicode": "e785",
      "unicode_decimal": 59269
    },
    {
      "icon_id": "4765745",
      "name": "up-circle",
      "font_class": "up-circle",
      "unicode": "e786",
      "unicode_decimal": 59270
    },
    {
      "icon_id": "4765866",
      "name": "message",
      "font_class": "message",
      "unicode": "e78a",
      "unicode_decimal": 59274
    },
    {
      "icon_id": "4767006",
      "name": "shrink",
      "font_class": "shrink",
      "unicode": "e7e9",
      "unicode_decimal": 59369
    },
    {
      "icon_id": "4767007",
      "name": "arrawsalt",
      "font_class": "arrawsalt",
      "unicode": "e7ea",
      "unicode_decimal": 59370
    },
    {
      "icon_id": "4767094",
      "name": "ellipsis",
      "font_class": "ellipsis",
      "unicode": "e7fc",
      "unicode_decimal": 59388
    }
  ]
}
